{"cameraMode":{"drawMode":0,"name":"Shaded","section":"Shading Mode"},"sceneLighting":false,"audioPlay":false,"sceneViewState":{"m_AlwaysRefresh":false,"showFog":false,"showSkybox":false,"showFlares":false,"showImageEffects":false,"showParticleSystems":false,"showVisualEffectGraphs":true,"m_FxEnabled":true},"in2DMode":false,"pivot":{"x":0.006197452545166016,"y":0.871453583240509,"z":-0.0754060447216034},"rotation":{"x":0.013313261792063713,"y":0.9796751141548157,"z":-0.06948670744895935,"w":0.187701016664505},"size":1.4468177556991578,"orthographic":false}