{"cameraMode":{"drawMode":0,"name":"Shaded","section":"Shading Mode"},"sceneLighting":false,"audioPlay":false,"sceneViewState":{"m_AlwaysRefresh":false,"showFog":false,"showSkybox":false,"showFlares":false,"showImageEffects":false,"showParticleSystems":false,"showVisualEffectGraphs":true,"m_FxEnabled":true},"in2DMode":false,"pivot":{"x":0.3250086307525635,"y":0.10399651527404785,"z":-1.31727933883667},"rotation":{"x":0.021255508065223695,"y":0.9768552184104919,"z":-0.11660914868116379,"w":0.17806163430213929},"size":2.119086980819702,"orthographic":false}